[{"id":0,"parent":2,"joint":"slider","name":"drawer","parts":[{"id":15,"name":"drawer_front","children":[]},{"id":16,"name":"drawer_side","children":[]},{"id":17,"name":"drawer_side","children":[]},{"id":18,"name":"drawer_back","children":[]},{"id":19,"name":"drawer_bottom","children":[]},{"id":30,"name":"drawer_front","children":[]},{"id":6,"name":"handle","children":[]},{"id":21,"name":"other_leaf","children":[]}],"jointData":{"axis":{"origin":[-0.001639828738790594,0.49313240951971077,-0.5140569806098938],"direction":[0,0,1]},"limit":{"a":0,"b":0.7599999999999998,"noLimit":false}}},{"id":1,"parent":2,"joint":"hinge","name":"cabinet_door","parts":[{"id":27,"name":"cabinet_door_surface","children":[]},{"id":28,"name":"handle","children":[]}],"jointData":{"axis":{"origin":[-0.3723655951040667,-0.6156229972839355,0.4921912950706839],"direction":[0,-1,0]},"limit":{"a":0,"b":90,"noLimit":false}}},{"id":2,"parent":-1,"joint":"heavy","name":"shelf","parts":[{"id":29,"name":"shelf","children":[]},{"id":10,"name":"vertical_side_panel","children":[]},{"id":11,"name":"vertical_side_panel","children":[]},{"id":13,"name":"back_panel","children":[]},{"id":14,"name":"bottom_panel","children":[]},{"id":33,"name":"frame_horizontal_bar","children":[]},{"id":34,"name":"frame_horizontal_bar","children":[]},{"id":35,"name":"frame_horizontal_bar","children":[]},{"id":36,"name":"frame_vertical_bar","children":[]},{"id":37,"name":"frame_vertical_bar","children":[]},{"id":38,"name":"frame_horizontal_bar","children":[]},{"id":39,"name":"frame_horizontal_bar","children":[]},{"id":41,"name":"other_leaf","children":[]},{"id":23,"name":"base_side_panel","children":[]},{"id":24,"name":"base_side_panel","children":[]},{"id":25,"name":"base_side_panel","children":[]},{"id":26,"name":"base_side_panel","children":[]}],"jointData":{}}]