[{"id": 0, "text": "storage_furniture", "name": "storage_furniture", "ori_id": 0, "objs": ["original-43", "original-26", "original-30", "original-25", "original-31", "original-28", "original-29", "original-41", "original-37", "original-35", "original-38", "original-40", "original-39", "original-44", "original-36", "original-34", "original-45", "original-32", "original-15", "original-16", "original-12", "original-11", "original-6", "original-3", "original-9", "original-5", "original-18", "original-7", "original-4", "original-8", "original-22", "original-21", "original-59", "original-17", "original-19", "original-13", "original-20", "original-53", "original-56", "original-54", "original-47", "original-48", "original-57", "original-55", "original-49", "original-50", "original-52", "original-58", "original-2"], "children": [{"id": 1, "text": "cabinet", "name": "cabinet", "ori_id": 1, "objs": ["original-43", "original-26", "original-30", "original-25", "original-31", "original-28", "original-29", "original-41", "original-37", "original-35", "original-38", "original-40", "original-39", "original-44", "original-36", "original-34", "original-45", "original-32", "original-15", "original-16", "original-12", "original-11", "original-6", "original-3", "original-9", "original-5", "original-18", "original-7", "original-4", "original-8", "original-22", "original-21", "original-59", "original-17", "original-19", "original-13", "original-20", "original-53", "original-56", "original-54", "original-47", "original-48", "original-57", "original-55", "original-49", "original-50", "original-52", "original-58", "original-2"], "children": [{"id": 2, "text": "drawer", "name": "drawer", "ori_id": 4, "objs": ["original-43", "original-26", "original-30", "original-25", "original-31", "original-28", "original-29", "original-41", "original-37", "original-35", "original-38", "original-40", "original-39", "original-44", "original-36", "original-34", "original-45", "original-32"], "children": [{"id": 3, "text": "drawer_box", "name": "drawer_box", "ori_id": 5, "objs": ["original-43", "original-26", "original-30", "original-25", "original-31", "original-28", "original-29", "original-41", "original-37", "original-35", "original-38", "original-40", "original-39", "original-44", "original-36", "original-34"], "children": [{"ori_id": 15, "id": 4, "text": "drawer_front", "objs": ["original-43", "original-26"], "name": "drawer_front"}, {"ori_id": 16, "id": 5, "text": "drawer_side", "objs": ["original-30"], "name": "drawer_side"}, {"ori_id": 17, "id": 6, "text": "drawer_side", "objs": ["original-25"], "name": "drawer_side"}, {"ori_id": 18, "id": 7, "text": "drawer_back", "objs": ["original-31"], "name": "drawer_back"}, {"ori_id": 19, "id": 8, "text": "drawer_bottom", "objs": ["original-28", "original-29"], "name": "drawer_bottom"}, {"ori_id": 30, "id": 9, "text": "drawer_front", "objs": ["original-41", "original-37", "original-35", "original-38", "original-40", "original-39", "original-44", "original-36", "original-34"], "name": "drawer_front"}]}, {"ori_id": 6, "id": 10, "text": "handle", "objs": ["original-45"], "name": "handle"}]}, {"id": 11, "text": "cabinet_frame", "name": "cabinet_frame", "ori_id": 7, "objs": ["original-15", "original-16", "original-12", "original-11", "original-6", "original-3", "original-9", "original-5", "original-18", "original-7", "original-4", "original-8", "original-22", "original-21", "original-59"], "children": [{"ori_id": 10, "id": 12, "text": "vertical_side_panel", "objs": ["original-15", "original-16"], "name": "vertical_side_panel"}, {"ori_id": 11, "id": 13, "text": "vertical_side_panel", "objs": ["original-12", "original-11"], "name": "vertical_side_panel"}, {"ori_id": 13, "id": 14, "text": "back_panel", "objs": ["original-6"], "name": "back_panel"}, {"ori_id": 14, "id": 15, "text": "bottom_panel", "objs": ["original-3", "original-9"], "name": "bottom_panel"}, {"ori_id": 33, "id": 16, "text": "frame_horizontal_bar", "objs": ["original-5"], "name": "frame_horizontal_bar"}, {"ori_id": 34, "id": 17, "text": "frame_horizontal_bar", "objs": ["original-18"], "name": "frame_horizontal_bar"}, {"ori_id": 35, "id": 18, "text": "frame_horizontal_bar", "objs": ["original-7"], "name": "frame_horizontal_bar"}, {"ori_id": 36, "id": 19, "text": "frame_vertical_bar", "objs": ["original-4"], "name": "frame_vertical_bar"}, {"ori_id": 37, "id": 20, "text": "frame_vertical_bar", "objs": ["original-8"], "name": "frame_vertical_bar"}, {"ori_id": 38, "id": 21, "text": "frame_horizontal_bar", "objs": ["original-22"], "name": "frame_horizontal_bar"}, {"ori_id": 39, "id": 22, "text": "frame_horizontal_bar", "objs": ["original-21"], "name": "frame_horizontal_bar"}]}, {"id": 23, "text": "cabinet_base", "name": "cabinet_base", "ori_id": 8, "objs": ["original-17", "original-19", "original-13", "original-20"], "children": [{"id": 24, "text": "panel_base", "name": "panel_base", "ori_id": 22, "objs": ["original-17", "original-19", "original-13", "original-20"], "children": [{"ori_id": 23, "id": 25, "text": "base_side_panel", "objs": ["original-17"], "name": "base_side_panel"}, {"ori_id": 24, "id": 26, "text": "base_side_panel", "objs": ["original-19"], "name": "base_side_panel"}, {"ori_id": 25, "id": 27, "text": "base_side_panel", "objs": ["original-13"], "name": "base_side_panel"}, {"ori_id": 26, "id": 28, "text": "base_side_panel", "objs": ["original-20"], "name": "base_side_panel"}]}]}, {"id": 29, "text": "cabinet_door", "name": "cabinet_door", "ori_id": 9, "objs": ["original-53", "original-56", "original-54", "original-47", "original-48", "original-57", "original-55", "original-49", "original-50", "original-52", "original-58"], "children": [{"ori_id": 27, "id": 30, "text": "cabinet_door_surface", "objs": ["original-53", "original-56", "original-54", "original-47", "original-48", "original-57", "original-55", "original-49", "original-50", "original-52"], "name": "cabinet_door_surface"}, {"ori_id": 28, "id": 31, "text": "handle", "objs": ["original-58"], "name": "handle"}]}, {"ori_id": 29, "id": 32, "text": "shelf", "objs": ["original-2"], "name": "shelf"}]}]}]