[{"text": "Storage Furniture", "children": [{"text": "Cabinet", "children": [{"name": "drawer", "text": "Drawer", "children": [{"text": "Drawer box", "children": [{"text": "Drawer front", "objs": ["original-43", "original-26"], "id": 15, "name": "drawer_front"}, {"text": "Drawer side", "objs": ["original-30"], "id": 16, "name": "drawer_side"}, {"text": "Drawer side", "objs": ["original-25"], "id": 17, "name": "drawer_side"}, {"text": "Drawer back", "objs": ["original-31"], "id": 18, "name": "drawer_back"}, {"text": "Drawer bottom", "objs": ["original-28", "original-29"], "id": 19, "name": "drawer_bottom"}, {"text": "Drawer front", "objs": ["original-41", "original-37", "original-35", "original-38", "original-40", "original-39", "original-44", "original-36", "original-34"], "id": 30, "name": "drawer_front"}], "id": 5, "name": "drawer_box"}, {"text": "Handle", "objs": ["original-45"], "id": 6, "name": "handle"}, {"name": "other", "text": "Rectangular hole (other)", "children": [{"objs": ["original-32"], "name": "other_leaf", "text": "other_leaf", "id": 21, "conf_score": "3", "low_conf_reason": "\u81ea\u5df1\u6807\u6ce8"}], "conf_score": "3", "id": 20, "low_conf_reason": "\u81ea\u5df1\u6807\u6ce8"}], "conf_score": "3", "id": 4, "low_conf_reason": "\u81ea\u5df1\u6807\u6ce8"}, {"name": "cabinet_frame", "text": "Cabinet frame", "children": [{"text": "Vertical side panel", "objs": ["original-15", "original-16"], "id": 10, "name": "vertical_side_panel"}, {"text": "Vertical side panel", "objs": ["original-12", "original-11"], "id": 11, "name": "vertical_side_panel"}, {"text": "Back panel", "objs": ["original-6"], "id": 13, "name": "back_panel"}, {"text": "Bottom panel", "objs": ["original-3", "original-9"], "id": 14, "name": "bottom_panel"}, {"text": "Horizontal support bar", "objs": ["original-5"], "id": 33, "name": "frame_horizontal_bar"}, {"text": "Horizontal support bar", "objs": ["original-18"], "id": 34, "name": "frame_horizontal_bar"}, {"text": "Horizontal support bar", "objs": ["original-7"], "id": 35, "name": "frame_horizontal_bar"}, {"text": "Vertical support bar", "objs": ["original-4"], "id": 36, "name": "frame_vertical_bar"}, {"text": "Vertical support bar", "objs": ["original-8"], "id": 37, "name": "frame_vertical_bar"}, {"text": "Horizontal support bar", "objs": ["original-22"], "id": 38, "name": "frame_horizontal_bar"}, {"text": "Horizontal support bar", "objs": ["original-21"], "id": 39, "name": "frame_horizontal_bar"}, {"name": "other", "text": "Rectangular hole (other)", "children": [{"objs": ["original-59"], "name": "other_leaf", "text": "other_leaf", "id": 41, "conf_score": "3", "low_conf_reason": "\u81ea\u5df1\u6807\u6ce8"}], "conf_score": "3", "id": 40, "low_conf_reason": "\u81ea\u5df1\u6807\u6ce8"}], "conf_score": "3", "id": 7, "low_conf_reason": "\u81ea\u5df1\u6807\u6ce8"}, {"text": "Cabinet Base", "children": [{"text": "Panel Base", "children": [{"text": "Base side panel", "objs": ["original-17"], "id": 23, "name": "base_side_panel"}, {"text": "Base side panel", "objs": ["original-19"], "id": 24, "name": "base_side_panel"}, {"text": "Base side panel", "objs": ["original-13"], "id": 25, "name": "base_side_panel"}, {"text": "Base side panel", "objs": ["original-20"], "id": 26, "name": "base_side_panel"}], "id": 22, "name": "panel_base"}], "id": 8, "name": "cabinet_base"}, {"text": "Cabinet door", "children": [{"text": "Cabinet door surface", "objs": ["original-53", "original-56", "original-54", "original-47", "original-48", "original-57", "original-55", "original-49", "original-50", "original-52"], "id": 27, "name": "cabinet_door_surface"}, {"text": "Handle", "objs": ["original-58"], "id": 28, "name": "handle"}], "id": 9, "name": "cabinet_door"}, {"text": "Shelf", "objs": ["original-2"], "id": 29, "name": "shelf"}], "id": 1, "name": "cabinet"}], "id": 0, "name": "storage_furniture"}]